0.000000,0.973657,-0.973657,0
0.006283,0.971748,-0.965465,0
0.012566,0.969839,-0.957273,0
0.018848,0.967929,-0.949081,0
0.025130,0.966020,-0.940890,0
0.031411,0.964110,-0.932700,0
0.037690,0.962201,-0.924511,0
0.043968,0.960292,-0.916323,0
0.050244,0.958382,-0.908138,0
0.056519,0.956473,-0.899954,0
0.062791,0.954563,-0.891773,0
0.069060,0.952654,-0.883594,0
0.075327,0.950745,-0.875418,0
0.081591,0.948835,-0.867245,0
0.087851,0.946926,-0.859075,0
0.094108,0.945016,-0.850908,0
0.100362,0.943107,-0.842745,0
0.106611,0.941198,-0.834587,0
0.112856,0.939288,-0.826432,0
0.119097,0.937379,-0.818282,0
0.125333,0.935469,-0.810136,0
0.131564,0.933560,-0.801996,0
0.137790,0.931651,-0.793860,0
0.144011,0.929741,-0.785730,0
0.150226,0.927832,-0.777606,0
0.156434,0.925922,-0.769488,0
0.162637,0.924013,-0.761376,0
0.168833,0.922103,-0.753270,0
0.175023,0.920194,-0.745171,0
0.181206,0.918285,-0.737079,0
0.187381,0.916375,-0.728994,0
0.193549,0.914466,-0.720917,0
0.199710,0.912557,-0.712847,0
0.205863,0.910647,-0.704785,0
0.212007,0.908738,-0.696731,0
0.218143,0.906828,-0.688685,0
0.224271,0.904919,-0.680648,0
0.230389,0.903010,-0.672620,0
0.236499,0.901100,-0.664601,0
0.242599,0.899191,-0.656592,0
0.248690,0.897281,-0.648591,0
0.254771,0.895372,-0.640601,0
0.260842,0.893463,-0.632621,0
0.266902,0.891553,-0.624651,0
0.272952,0.889644,-0.616692,0
0.278991,0.887734,-0.608743,0
0.285019,0.885825,-0.600806,0
0.291036,0.883915,-0.592879,0
0.297042,0.882006,-0.584964,0
0.303035,0.880097,-0.577061,0
0.309017,0.878187,-0.569170,0
0.314987,0.876278,-0.561292,0
0.320944,0.874369,-0.553425,0
0.326888,0.872459,-0.545571,0
0.332820,0.870550,-0.537730,0
0.338738,0.868640,-0.529903,0
0.344643,0.866731,-0.522088,0
0.350534,0.864821,-0.514287,0
0.356412,0.862912,-0.506500,0
0.362275,0.861003,-0.498728,0
0.368125,0.859093,-0.490969,0
0.373959,0.857184,-0.483225,0
0.379779,0.855274,-0.475495,0
0.385584,0.853365,-0.467781,0
0.391374,0.851456,-0.460082,0
0.397148,0.849546,-0.452398,0
0.402906,0.847637,-0.444730,0
0.408649,0.845728,-0.437079,0
0.414376,0.843818,-0.429443,0
0.420086,0.841909,-0.421823,0
0.425779,0.839999,-0.414220,0
0.431456,0.838090,-0.406634,0
0.437116,0.836181,-0.399065,0
0.442758,0.834271,-0.391513,0
0.448383,0.832362,-0.383978,0
0.453990,0.830452,-0.376462,0
0.459580,0.828543,-0.368963,0
0.465151,0.826633,-0.361482,0
0.470704,0.824724,-0.354020,0
0.476238,0.822815,-0.346577,0
0.481754,0.820905,-0.339152,0
0.487250,0.818996,-0.331746,0
0.492727,0.817086,-0.324359,0
0.498185,0.815177,-0.316992,0
0.503623,0.813268,-0.309644,0
0.509041,0.811358,-0.302317,0
0.514440,0.809449,-0.295009,0
0.519817,0.807540,-0.287722,0
0.525175,0.805630,-0.280455,0
0.530511,0.803721,-0.273210,0
0.535827,0.801811,-0.265985,0
0.541121,0.799902,-0.258781,0
0.546394,0.797992,-0.251598,0
0.551646,0.796083,-0.244437,0
0.556876,0.794174,-0.237298,0
0.562083,0.792264,-0.230181,0
0.567269,0.790355,-0.223086,0
0.572432,0.788445,-0.216013,0
0.577573,0.786536,-0.208963,0
0.582690,0.784627,-0.201936,0
0.587785,0.782717,-0.194932,0
0.592857,0.780808,-0.187951,0
0.597905,0.778898,-0.180993,0
0.602930,0.776989,-0.174060,0
0.607930,0.775080,-0.167149,0
0.612907,0.773170,-0.160263,0
0.617860,0.771261,-0.153401,0
0.622788,0.769351,-0.146564,0
0.627691,0.767442,-0.139751,0
0.632570,0.765532,-0.132962,0
0.637424,0.763623,-0.126199,0
0.642253,0.761714,-0.119461,0
0.647056,0.759804,-0.112748,0
0.651834,0.757895,-0.106061,0
0.656586,0.755985,-0.099400,0
0.661312,0.754076,-0.092764,0
0.666012,0.752167,-0.086155,0
0.670686,0.750257,-0.079572,0
0.675333,0.748348,-0.073015,0
0.679953,0.746439,-0.066485,0
0.684547,0.744529,-0.059982,0
0.689114,0.742620,-0.053506,0
0.693653,0.740710,-0.047057,0
0.698165,0.738801,-0.040636,0
0.702650,0.736892,-0.034242,0
0.707107,0.734982,-0.027875,0
0.711536,0.733073,-0.021537,0
0.715936,0.731163,-0.015227,0
0.720309,0.729254,-0.008945,0
0.724653,0.727345,-0.002692,0
0.728969,0.725435,0.003534,0
0.733255,0.723526,0.009729,0
0.737513,0.721616,0.015897,0
0.741742,0.719707,0.022035,0
0.745941,0.717798,0.028144,0
0.750111,0.715888,0.034223,0
0.754251,0.713979,0.040272,0
0.758362,0.712070,0.046292,0
0.762443,0.710160,0.052283,0
0.766493,0.708250,0.058243,0
0.770513,0.706341,0.064172,0
0.774503,0.704432,0.070071,0
0.778462,0.702522,0.075940,0
0.782391,0.700613,0.081778,0
0.786288,0.698704,0.087585,0
0.790155,0.696794,0.093361,0
0.793990,0.694885,0.099106,0
0.797794,0.692976,0.104819,0
0.801567,0.691066,0.110501,0
0.805308,0.689157,0.116151,0
0.809017,0.687247,0.121770,0
0.812694,0.685338,0.127356,0
0.816339,0.683428,0.132911,0
0.819952,0.681519,0.138433,0
0.823533,0.679610,0.143923,0
0.827081,0.677700,0.149380,0
0.830596,0.675791,0.154805,0
0.834078,0.673881,0.160197,0
0.837528,0.671972,0.165556,0
0.840945,0.670062,0.170882,0
0.844328,0.668153,0.176175,0
0.847678,0.666244,0.181434,0
0.850994,0.664334,0.186660,0
0.854277,0.662425,0.191853,0
0.857527,0.660515,0.197011,0
0.860742,0.658606,0.202136,0
0.863923,0.656697,0.207227,0
0.867071,0.654787,0.212283,0
0.870184,0.652878,0.217306,0
0.873262,0.650968,0.222294,0
0.876307,0.649059,0.227248,0
0.879316,0.647150,0.232167,0
0.882291,0.645240,0.237051,0
0.885231,0.643331,0.241900,0
0.888136,0.641421,0.246715,0
0.891007,0.639512,0.251495,0
0.893841,0.637603,0.256239,0
0.896641,0.635693,0.260948,0
0.899405,0.633784,0.265622,0
0.902134,0.631874,0.270259,0
0.904827,0.629965,0.274862,0
0.907484,0.628056,0.279429,0
0.910106,0.626146,0.283960,0
0.912692,0.624237,0.288455,0
0.915241,0.622327,0.292914,0
0.917755,0.620418,0.297336,0
0.920232,0.618509,0.301723,0
0.922673,0.616599,0.306073,0
0.925077,0.614690,0.310387,0
0.927445,0.612780,0.314665,0
0.929776,0.610871,0.318905,0
0.932071,0.608962,0.323110,0
0.934329,0.607052,0.327277,0
0.936550,0.605143,0.331407,0
0.938734,0.603233,0.335500,0
0.940881,0.601324,0.339557,0
0.942991,0.599415,0.343576,0
0.945063,0.597505,0.347558,0
0.947098,0.595596,0.351502,0
0.949096,0.593686,0.355410,0
0.951057,0.591777,0.359280,0
0.952979,0.589868,0.363112,0
0.954865,0.587958,0.366906,0
0.956712,0.586049,0.370663,0
0.958522,0.584139,0.374382,0
0.960294,0.582230,0.378064,0
0.962028,0.580321,0.381707,0
0.963724,0.578411,0.385312,0
0.965382,0.576502,0.388880,0
0.967001,0.574592,0.392409,0
0.968583,0.572683,0.395900,0
0.970127,0.570774,0.399353,0
0.971632,0.568864,0.402767,0
0.973099,0.566955,0.406144,0
0.974527,0.565045,0.409482,0
0.975917,0.563136,0.412781,0
0.977268,0.561227,0.416041,0
0.978581,0.559317,0.419264,0
0.979855,0.557408,0.422447,0
0.981091,0.555498,0.425592,0
0.982287,0.553589,0.428698,0
0.983445,0.551680,0.431765,0
0.984564,0.549770,0.434794,0
0.985645,0.547861,0.437784,0
0.986686,0.545951,0.440734,0
0.987688,0.544042,0.443646,0
0.988652,0.542133,0.446519,0
0.989576,0.540223,0.449353,0
0.990461,0.538314,0.452148,0
0.991308,0.536404,0.454903,0
0.992115,0.534495,0.457620,0
0.992883,0.532586,0.460297,0
0.993611,0.530676,0.462935,0
0.994301,0.528767,0.465534,0
0.994951,0.526857,0.468094,0
0.995562,0.524948,0.470614,0
0.996134,0.523039,0.473095,0
0.996666,0.521129,0.475537,0
0.997159,0.519220,0.477939,0
0.997613,0.517310,0.480302,0
0.998027,0.515401,0.482626,0
0.998402,0.513492,0.484910,0
0.998737,0.511582,0.487155,0
0.999033,0.509673,0.489360,0
0.999289,0.507763,0.491526,0
0.999507,0.505854,0.493653,0
0.999684,0.503945,0.495740,0
0.999822,0.502035,0.497787,0
0.999921,0.500126,0.499795,0
0.999980,0.498216,0.501764,0
1.000000,0.496307,0.503693,0
0.999980,0.494398,0.505583,0
0.999921,0.492488,0.507433,0
0.999822,0.490579,0.509244,0
0.999684,0.488669,0.511015,0
0.999507,0.486760,0.512747,0
0.999289,0.484851,0.514439,0
0.999033,0.482941,0.516092,0
0.998737,0.481032,0.517705,0
0.998402,0.479122,0.519279,0
0.998027,0.477213,0.520814,0
0.997613,0.475303,0.522309,0
0.997159,0.473394,0.523765,0
0.996666,0.471485,0.525181,0
0.996134,0.469575,0.526558,0
0.995562,0.467666,0.527896,0
0.994951,0.465757,0.529194,0
0.994301,0.463847,0.530454,0
0.993611,0.461938,0.531674,0
0.992883,0.460028,0.532854,0
0.992115,0.458119,0.533996,0
0.991308,0.456209,0.535098,0
0.990461,0.454300,0.536161,0
0.989576,0.452391,0.537185,0
0.988652,0.450481,0.538171,0
0.987688,0.448572,0.539116,0
0.986686,0.446663,0.540023,0
0.985645,0.444753,0.540892,0
0.984564,0.442844,0.541721,0
0.983445,0.440934,0.542511,0
0.982287,0.439025,0.543262,0
0.981091,0.437115,0.543975,0
0.979855,0.435206,0.544649,0
0.978581,0.433297,0.545284,0
0.977268,0.431387,0.545881,0
0.975917,0.429478,0.546439,0
0.974527,0.427568,0.546958,0
0.973099,0.425659,0.547439,0
0.971632,0.423750,0.547882,0
0.970127,0.421840,0.548286,0
0.968583,0.419931,0.548652,0
0.967001,0.418022,0.548980,0
0.965382,0.416112,0.549270,0
0.963724,0.414203,0.549521,0
0.962028,0.412293,0.549735,0
0.960294,0.410384,0.549910,0
0.958522,0.408475,0.550047,0
0.956712,0.406565,0.550147,0
0.954865,0.404656,0.550209,0
0.952979,0.402746,0.550233,0
0.951057,0.400837,0.550220,0
0.949096,0.398927,0.550169,0
0.947098,0.397018,0.550080,0
0.945063,0.395109,0.549954,0
0.942991,0.393199,0.549791,0
0.940881,0.391290,0.549591,0
0.938734,0.389380,0.549353,0
0.936550,0.387471,0.549079,0
0.934329,0.385562,0.548767,0
0.932071,0.383652,0.548419,0
0.929776,0.381743,0.548034,0
0.927445,0.379834,0.547612,0
0.925077,0.377924,0.547153,0
0.922673,0.376014,0.546658,0
0.920232,0.374105,0.546127,0
0.917755,0.372196,0.545559,0
0.915241,0.370286,0.544955,0
0.912692,0.368377,0.544315,0
0.910106,0.366468,0.543638,0
0.907484,0.364558,0.542926,0
0.904827,0.362649,0.542178,0
0.902134,0.360739,0.541395,0
0.899405,0.358830,0.540575,0
0.896641,0.356921,0.539720,0
0.893841,0.355011,0.538830,0
0.891007,0.353102,0.537905,0
0.888136,0.351192,0.536944,0
0.885231,0.349283,0.535948,0
0.882291,0.347374,0.534918,0
0.879316,0.345464,0.533852,0
0.876307,0.343555,0.532752,0
0.873262,0.341645,0.531617,0
0.870184,0.339736,0.530448,0
0.867071,0.337827,0.529244,0
0.863923,0.335917,0.528006,0
0.860742,0.334008,0.526734,0
0.857527,0.332098,0.525428,0
0.854277,0.330189,0.524088,0
0.850994,0.328280,0.522715,0
0.847678,0.326370,0.521308,0
0.844328,0.324461,0.519867,0
0.840945,0.322551,0.518393,0
0.837528,0.320642,0.516886,0
0.834078,0.318733,0.515346,0
0.830596,0.316823,0.513773,0
0.827081,0.314914,0.512167,0
0.823533,0.313004,0.510528,0
0.819952,0.311095,0.508857,0
0.816339,0.309186,0.507154,0
0.812694,0.307276,0.505418,0
0.809017,0.305367,0.503650,0
0.805308,0.303457,0.501850,0
0.801567,0.301548,0.500019,0
0.797794,0.299639,0.498156,0
0.793990,0.297729,0.496261,0
0.790155,0.295820,0.494335,0
0.786288,0.293910,0.492378,0
0.782391,0.292001,0.490390,0
0.778462,0.290091,0.488371,0
0.774503,0.288182,0.486321,0
0.770513,0.286273,0.484241,0
0.766493,0.284363,0.482130,0
0.762443,0.282454,0.479989,0
0.758362,0.280544,0.477818,0
0.754251,0.278635,0.475616,0
0.750111,0.276726,0.473385,0
0.745941,0.274816,0.471125,0
0.741742,0.272907,0.468835,0
0.737513,0.270997,0.466516,0
0.733255,0.269088,0.464167,0
0.728969,0.267179,0.461790,0
0.724653,0.265269,0.459384,0
0.720309,0.263360,0.456949,0
0.715936,0.261451,0.454486,0
0.711536,0.259541,0.451995,0
0.707107,0.257632,0.449475,0
0.702650,0.255722,0.446928,0
0.698165,0.253813,0.444353,0
0.693653,0.251904,0.441750,0
0.689114,0.249994,0.439120,0
0.684547,0.248085,0.436462,0
0.679953,0.246175,0.433778,0
0.675333,0.244266,0.431067,0
0.670686,0.242356,0.428329,0
0.666012,0.240447,0.425565,0
0.661312,0.238538,0.422774,0
0.656586,0.236628,0.419958,0
0.651834,0.234719,0.417115,0
0.647056,0.232809,0.414247,0
0.642253,0.230900,0.411353,0
0.637424,0.228991,0.408433,0
0.632570,0.227081,0.405489,0
0.627691,0.225172,0.402520,0
0.622788,0.223262,0.399525,0
0.617860,0.221353,0.396507,0
0.612907,0.219444,0.393463,0
0.607930,0.217534,0.390396,0
0.602930,0.215625,0.387305,0
0.597905,0.213715,0.384190,0
0.592857,0.211806,0.381051,0
0.587785,0.209897,0.377889,0
0.582690,0.207987,0.374703,0
0.577573,0.206078,0.371495,0
0.572432,0.204168,0.368264,0
0.567269,0.202259,0.365010,0
0.562083,0.200350,0.361734,0
0.556876,0.198440,0.358435,0
0.551646,0.196531,0.355115,0
0.546394,0.194621,0.351773,0
0.541121,0.192712,0.348409,0
0.535827,0.190803,0.345024,0
0.530511,0.188893,0.341618,0
0.525175,0.186984,0.338191,0
0.519817,0.185074,0.334743,0
0.514440,0.183165,0.331275,0
0.509041,0.181255,0.327786,0
0.503623,0.179346,0.324277,0
0.498185,0.177437,0.320748,0
0.492727,0.175527,0.317200,0
0.487250,0.173618,0.313632,0
0.481754,0.171709,0.310045,0
0.476238,0.169799,0.306439,0
0.470704,0.167890,0.302814,0
0.465151,0.165980,0.299171,0
0.459580,0.164071,0.295509,0
0.453990,0.162162,0.291829,0
0.448383,0.160252,0.288131,0
0.442758,0.158343,0.284415,0
0.437116,0.156433,0.280682,0
0.431456,0.154524,0.276932,0
0.425779,0.152614,0.273165,0
0.420086,0.150705,0.269381,0
0.414376,0.148796,0.265580,0
0.408649,0.146886,0.261763,0
0.402906,0.144977,0.257929,0
0.397148,0.143068,0.254080,0
0.391374,0.141158,0.250215,0
0.385584,0.139249,0.246335,0
0.379779,0.137339,0.242440,0
0.373959,0.135430,0.238529,0
0.368125,0.133521,0.234604,0
0.362275,0.131611,0.230664,0
0.356412,0.129702,0.226710,0
0.350534,0.127792,0.222742,0
0.344643,0.125883,0.218760,0
0.338738,0.123974,0.214764,0
0.332820,0.122064,0.210756,0
0.326888,0.120155,0.206733,0
0.320944,0.118245,0.202698,0
0.314987,0.116336,0.198651,0
0.309017,0.114427,0.194590,0
0.303035,0.112517,0.190518,0
0.297042,0.110608,0.186434,0
0.291036,0.108698,0.182338,0
0.285019,0.106789,0.178230,0
0.278991,0.104880,0.174112,0
0.272952,0.102970,0.169982,0
0.266902,0.101061,0.165841,0
0.260842,0.099151,0.161690,0
0.254771,0.097242,0.157529,0
0.248690,0.095332,0.153357,0
0.242599,0.093423,0.149176,0
0.236499,0.091514,0.144985,0
0.230389,0.089604,0.140785,0
0.224271,0.087695,0.136576,0
0.218143,0.085785,0.132358,0
0.212007,0.083876,0.128131,0
0.205863,0.081967,0.123896,0
0.199710,0.080057,0.119653,0
0.193549,0.078148,0.115402,0
0.187381,0.076238,0.111143,0
0.181206,0.074329,0.106877,0
0.175023,0.072420,0.102603,0
0.168833,0.070510,0.098323,0
0.162637,0.068601,0.094036,0
0.156434,0.066691,0.089743,0
0.150226,0.064782,0.085444,0
0.144011,0.062873,0.081138,0
0.137790,0.060963,0.076827,0
0.131564,0.059054,0.072510,0
0.125333,0.057144,0.068189,0
0.119097,0.055235,0.063862,0
0.112856,0.053326,0.059531,0
0.106611,0.051416,0.055195,0
0.100362,0.049507,0.050855,0
0.094108,0.047597,0.046511,0
0.087851,0.045688,0.042163,0
0.081591,0.043779,0.037812,0
0.075327,0.041869,0.033458,0
0.069060,0.039960,0.029100,0
0.062791,0.038050,0.024740,0
0.056519,0.036141,0.020378,0
0.050244,0.034232,0.016013,0
0.043968,0.032322,0.011646,0
0.037690,0.030413,0.007277,0
0.031411,0.028503,0.002907,0
0.025130,0.026594,-0.001464,0
0.018848,0.024685,-0.005836,0
0.012566,0.022775,-0.010209,0
0.006283,0.020866,-0.014583,0
0.000000,0.018956,-0.018956,0
-0.006283,0.017047,-0.023330,0
-0.012566,0.015138,-0.027704,0
-0.018848,0.013228,-0.032077,0
-0.025130,0.011319,-0.036449,0
-0.031411,0.009409,-0.040820,0
-0.037690,0.007500,-0.045190,0
-0.043968,0.005591,-0.049559,0
-0.050244,0.003681,-0.053925,0
-0.056519,0.001772,-0.058290,0
-0.062791,-0.000138,-0.062653,0
-0.069060,-0.002047,-0.067013,0
-0.075327,-0.003957,-0.071370,0
-0.081591,-0.005866,-0.075725,0
-0.087851,-0.007775,-0.080076,0
-0.094108,-0.009685,-0.084424,0
-0.100362,-0.011594,-0.088768,0
-0.106611,-0.013503,-0.093108,0
-0.112856,-0.015413,-0.097444,0
-0.119097,-0.017322,-0.101775,0
-0.125333,-0.019232,-0.106102,0
-0.131564,-0.021141,-0.110423,0
-0.137790,-0.023050,-0.114740,0
-0.144011,-0.024960,-0.119051,0
-0.150226,-0.026869,-0.123356,0
-0.156434,-0.028779,-0.127656,0
-0.162637,-0.030688,-0.131949,0
-0.168833,-0.032597,-0.136236,0
-0.175023,-0.034507,-0.140516,0
-0.181206,-0.036416,-0.144790,0
-0.187381,-0.038326,-0.149056,0
-0.193549,-0.040235,-0.153314,0
-0.199710,-0.042144,-0.157566,0
-0.205863,-0.044054,-0.161809,0
-0.212007,-0.045963,-0.166044,0
-0.218143,-0.047873,-0.170271,0
-0.224271,-0.049782,-0.174489,0
-0.230389,-0.051691,-0.178698,0
-0.236499,-0.053601,-0.182898,0
-0.242599,-0.055510,-0.187089,0
-0.248690,-0.057420,-0.191270,0
-0.254771,-0.059329,-0.195442,0
-0.260842,-0.061239,-0.199603,0
-0.266902,-0.063148,-0.203754,0
-0.272952,-0.065057,-0.207894,0
-0.278991,-0.066967,-0.212024,0
-0.285019,-0.068876,-0.216143,0
-0.291036,-0.070786,-0.220251,0
-0.297042,-0.072695,-0.224347,0
-0.303035,-0.074604,-0.228431,0
-0.309017,-0.076514,-0.232503,0
-0.314987,-0.078423,-0.236563,0
-0.320944,-0.080332,-0.240611,0
-0.326888,-0.082242,-0.244646,0
-0.332820,-0.084151,-0.248668,0
-0.338738,-0.086061,-0.252677,0
-0.344643,-0.087970,-0.256673,0
-0.350534,-0.089880,-0.260655,0
-0.356412,-0.091789,-0.264623,0
-0.362275,-0.093698,-0.268577,0
-0.368125,-0.095608,-0.272517,0
-0.373959,-0.097517,-0.276442,0
-0.379779,-0.099427,-0.280352,0
-0.385584,-0.101336,-0.284248,0
-0.391374,-0.103245,-0.288128,0
-0.397148,-0.105155,-0.291993,0
-0.402906,-0.107064,-0.295842,0
-0.408649,-0.108974,-0.299676,0
-0.414376,-0.110883,-0.303493,0
-0.420086,-0.112792,-0.307293,0
-0.425779,-0.114702,-0.311078,0
-0.431456,-0.116611,-0.314845,0
-0.437116,-0.118521,-0.318595,0
-0.442758,-0.120430,-0.322328,0
-0.448383,-0.122339,-0.326044,0
-0.453990,-0.124249,-0.329742,0
-0.459580,-0.126158,-0.333422,0
-0.465151,-0.128068,-0.337083,0
-0.470704,-0.129977,-0.340727,0
-0.476238,-0.131886,-0.344352,0
-0.481754,-0.133796,-0.347958,0
-0.487250,-0.135705,-0.351545,0
-0.492727,-0.137615,-0.355113,0
-0.498185,-0.139524,-0.358661,0
-0.503623,-0.141433,-0.362190,0
-0.509041,-0.143343,-0.365699,0
-0.514440,-0.145252,-0.369187,0
-0.519817,-0.147162,-0.372656,0
-0.525175,-0.149071,-0.376104,0
-0.530511,-0.150980,-0.379531,0
-0.535827,-0.152890,-0.382937,0
-0.541121,-0.154799,-0.386322,0
-0.546394,-0.156709,-0.389686,0
-0.551646,-0.158618,-0.393028,0
-0.556876,-0.160527,-0.396348,0
-0.562083,-0.162437,-0.399647,0
-0.567269,-0.164346,-0.402923,0
-0.572432,-0.166256,-0.406177,0
-0.577573,-0.168165,-0.409408,0
-0.582690,-0.170074,-0.412616,0
-0.587785,-0.171984,-0.415801,0
-0.592857,-0.173893,-0.418964,0
-0.597905,-0.175803,-0.422102,0
-0.602930,-0.177712,-0.425218,0
-0.607930,-0.179621,-0.428309,0
-0.612907,-0.181531,-0.431376,0
-0.617860,-0.183440,-0.434419,0
-0.622788,-0.185350,-0.437438,0
-0.627691,-0.187259,-0.440432,0
-0.632570,-0.189168,-0.443402,0
-0.637424,-0.191078,-0.446346,0
-0.642253,-0.192987,-0.449265,0
-0.647056,-0.194897,-0.452159,0
-0.651834,-0.196806,-0.455028,0
-0.656586,-0.198716,-0.457870,0
-0.661312,-0.200625,-0.460687,0
-0.666012,-0.202534,-0.463478,0
-0.670686,-0.204444,-0.466242,0
-0.675333,-0.206353,-0.468980,0
-0.679953,-0.208262,-0.471691,0
-0.684547,-0.210172,-0.474375,0
-0.689114,-0.212081,-0.477033,0
-0.693653,-0.213991,-0.479663,0
-0.698165,-0.215900,-0.482265,0
-0.702650,-0.217810,-0.484840,0
-0.707107,-0.219719,-0.487388,0
-0.711536,-0.221628,-0.489907,0
-0.715936,-0.223538,-0.492399,0
-0.720309,-0.225447,-0.494862,0
-0.724653,-0.227357,-0.497297,0
-0.728969,-0.229266,-0.499703,0
-0.733255,-0.231175,-0.502080,0
-0.737513,-0.233085,-0.504428,0
-0.741742,-0.234994,-0.506748,0
-0.745941,-0.236904,-0.509038,0
-0.750111,-0.238813,-0.511298,0
-0.754251,-0.240722,-0.513529,0
-0.758362,-0.242632,-0.515730,0
-0.762443,-0.244541,-0.517901,0
-0.766493,-0.246450,-0.520043,0
-0.770513,-0.248360,-0.522153,0
-0.774503,-0.250269,-0.524234,0
-0.778462,-0.252179,-0.526284,0
-0.782391,-0.254088,-0.528303,0
-0.786288,-0.255997,-0.530291,0
-0.790155,-0.257907,-0.532248,0
-0.793990,-0.259816,-0.534174,0
-0.797794,-0.261726,-0.536069,0
-0.801567,-0.263635,-0.537932,0
-0.805308,-0.265544,-0.539763,0
-0.809017,-0.267454,-0.541563,0
-0.812694,-0.269363,-0.543331,0
-0.816339,-0.271273,-0.545067,0
-0.819952,-0.273182,-0.546770,0
-0.823533,-0.275092,-0.548441,0
-0.827081,-0.277001,-0.550080,0
-0.830596,-0.278910,-0.551686,0
-0.834078,-0.280820,-0.553259,0
-0.837528,-0.282729,-0.554799,0
-0.840945,-0.284639,-0.556306,0
-0.844328,-0.286548,-0.557780,0
-0.847678,-0.288457,-0.559221,0
-0.850994,-0.290367,-0.560628,0
-0.854277,-0.292276,-0.562001,0
-0.857527,-0.294185,-0.563341,0
-0.860742,-0.296095,-0.564647,0
-0.863923,-0.298004,-0.565919,0
-0.867071,-0.299914,-0.567157,0
-0.870184,-0.301823,-0.568361,0
-0.873262,-0.303733,-0.569530,0
-0.876307,-0.305642,-0.570665,0
-0.879316,-0.307551,-0.571765,0
-0.882291,-0.309461,-0.572830,0
-0.885231,-0.311370,-0.573861,0
-0.888136,-0.313280,-0.574857,0
-0.891007,-0.315189,-0.575817,0
-0.893841,-0.317098,-0.576743,0
-0.896641,-0.319008,-0.577633,0
-0.899405,-0.320917,-0.578488,0
-0.902134,-0.322827,-0.579307,0
-0.904827,-0.324736,-0.580091,0
-0.907484,-0.326645,-0.580839,0
-0.910106,-0.328555,-0.581551,0
-0.912692,-0.330464,-0.582227,0
-0.915241,-0.332374,-0.582868,0
-0.917755,-0.334283,-0.583472,0
-0.920232,-0.336192,-0.584040,0
-0.922673,-0.338102,-0.584571,0
-0.925077,-0.340011,-0.585066,0
-0.927445,-0.341921,-0.585525,0
-0.929776,-0.343830,-0.585947,0
-0.932071,-0.345739,-0.586332,0
-0.934329,-0.347649,-0.586680,0
-0.936550,-0.349558,-0.586992,0
-0.938734,-0.351468,-0.587266,0
-0.940881,-0.353377,-0.587504,0
-0.942991,-0.355286,-0.587704,0
-0.945063,-0.357196,-0.587867,0
-0.947098,-0.359105,-0.587993,0
-0.949096,-0.361014,-0.588082,0
-0.951057,-0.362924,-0.588133,0
-0.952979,-0.364833,-0.588146,0
-0.954865,-0.366743,-0.588122,0
-0.956712,-0.368652,-0.588060,0
-0.958522,-0.370562,-0.587960,0
-0.960294,-0.372471,-0.587823,0
-0.962028,-0.374380,-0.587647,0
-0.963724,-0.376290,-0.587434,0
-0.965382,-0.378199,-0.587182,0
-0.967001,-0.380109,-0.586893,0
-0.968583,-0.382018,-0.586565,0
-0.970127,-0.383928,-0.586199,0
-0.971632,-0.385837,-0.585795,0
-0.973099,-0.387746,-0.585352,0
-0.974527,-0.389656,-0.584871,0
-0.975917,-0.391565,-0.584352,0
-0.977268,-0.393475,-0.583794,0
-0.978581,-0.395384,-0.583197,0
-0.979855,-0.397293,-0.582562,0
-0.981091,-0.399203,-0.581888,0
-0.982287,-0.401112,-0.581175,0
-0.983445,-0.403021,-0.580424,0
-0.984564,-0.404931,-0.579634,0
-0.985645,-0.406840,-0.578804,0
-0.986686,-0.408750,-0.577936,0
-0.987688,-0.410659,-0.577029,0
-0.988652,-0.412568,-0.576083,0
-0.989576,-0.414478,-0.575098,0
-0.990461,-0.416387,-0.574074,0
-0.991308,-0.418297,-0.573011,0
-0.992115,-0.420206,-0.571909,0
-0.992883,-0.422116,-0.570767,0
-0.993611,-0.424025,-0.569586,0
-0.994301,-0.425934,-0.568367,0
-0.994951,-0.427844,-0.567107,0
-0.995562,-0.429753,-0.565809,0
-0.996134,-0.431662,-0.564471,0
-0.996666,-0.433572,-0.563094,0
-0.997159,-0.435481,-0.561678,0
-0.997613,-0.437391,-0.560222,0
-0.998027,-0.439300,-0.558727,0
-0.998402,-0.441209,-0.557192,0
-0.998737,-0.443119,-0.555618,0
-0.999033,-0.445028,-0.554005,0
-0.999289,-0.446938,-0.552352,0
-0.999507,-0.448847,-0.550659,0
-0.999684,-0.450757,-0.548928,0
-0.999822,-0.452666,-0.547157,0
-0.999921,-0.454575,-0.545346,0
-0.999980,-0.456485,-0.543496,0
-1.000000,-0.458394,-0.541606,0
-0.999980,-0.460303,-0.539677,0
-0.999921,-0.462213,-0.537708,0
-0.999822,-0.464122,-0.535700,0
-0.999684,-0.466032,-0.533652,0
-0.999507,-0.467941,-0.531565,0
-0.999289,-0.469850,-0.529439,0
-0.999033,-0.471760,-0.527273,0
-0.998737,-0.473669,-0.525068,0
-0.998402,-0.475579,-0.522823,0
-0.998027,-0.477488,-0.520539,0
-0.997613,-0.479397,-0.518215,0
-0.997159,-0.481307,-0.515852,0
-0.996666,-0.483216,-0.513450,0
-0.996134,-0.485126,-0.511008,0
-0.995562,-0.487035,-0.508527,0
-0.994951,-0.488944,-0.506007,0
-0.994301,-0.490854,-0.503447,0
-0.993611,-0.492763,-0.500848,0
-0.992883,-0.494673,-0.498210,0
-0.992115,-0.496582,-0.495533,0
-0.991308,-0.498492,-0.492816,0
-0.990461,-0.500401,-0.490060,0
-0.989576,-0.502310,-0.487266,0
-0.988652,-0.504220,-0.484432,0
-0.987688,-0.506129,-0.481559,0
-0.986686,-0.508039,-0.478647,0
-0.985645,-0.509948,-0.475697,0
-0.984564,-0.511857,-0.472707,0
-0.983445,-0.513767,-0.469678,0
-0.982287,-0.515676,-0.466611,0
-0.981091,-0.517586,-0.463505,0
-0.979855,-0.519495,-0.460360,0
-0.978581,-0.521404,-0.457177,0
-0.977268,-0.523314,-0.453954,0
-0.975917,-0.525223,-0.450694,0
-0.974527,-0.527133,-0.447394,0
-0.973099,-0.529042,-0.444057,0
-0.971632,-0.530951,-0.440680,0
-0.970127,-0.532861,-0.437266,0
-0.968583,-0.534770,-0.433813,0
-0.967001,-0.536680,-0.430322,0
-0.965382,-0.538589,-0.426793,0
-0.963724,-0.540498,-0.423225,0
-0.962028,-0.542408,-0.419620,0
-0.960294,-0.544317,-0.415976,0
-0.958522,-0.546227,-0.412295,0
-0.956712,-0.548136,-0.408576,0
-0.954865,-0.550045,-0.404819,0
-0.952979,-0.551955,-0.401024,0
-0.951057,-0.553864,-0.397192,0
-0.949096,-0.555774,-0.393323,0
-0.947098,-0.557683,-0.389415,0
-0.945063,-0.559592,-0.385471,0
-0.942991,-0.561502,-0.381489,0
-0.940881,-0.563411,-0.377470,0
-0.938734,-0.565321,-0.373413,0
-0.936550,-0.567230,-0.369320,0
-0.934329,-0.569139,-0.365189,0
-0.932071,-0.571049,-0.361022,0
-0.929776,-0.572958,-0.356818,0
-0.927445,-0.574868,-0.352578,0
-0.925077,-0.576777,-0.348300,0
-0.922673,-0.578686,-0.343986,0
-0.920232,-0.580596,-0.339636,0
-0.917755,-0.582505,-0.335249,0
-0.915241,-0.584415,-0.330827,0
-0.912692,-0.586324,-0.326368,0
-0.910106,-0.588233,-0.321872,0
-0.907484,-0.590143,-0.317342,0
-0.904827,-0.592052,-0.312775,0
-0.902134,-0.593962,-0.308172,0
-0.899405,-0.595871,-0.303534,0
-0.896641,-0.597780,-0.298861,0
-0.893841,-0.599690,-0.294152,0
-0.891007,-0.601599,-0.289407,0
-0.888136,-0.603509,-0.284628,0
-0.885231,-0.605418,-0.279813,0
-0.882291,-0.607327,-0.274964,0
-0.879316,-0.609237,-0.270079,0
-0.876307,-0.611146,-0.265160,0
-0.873262,-0.613056,-0.260207,0
-0.870184,-0.614965,-0.255219,0
-0.867071,-0.616875,-0.250196,0
-0.863923,-0.618784,-0.245140,0
-0.860742,-0.620693,-0.240049,0
-0.857527,-0.622603,-0.234924,0
-0.854277,-0.624512,-0.229765,0
-0.850994,-0.626421,-0.224573,0
-0.847678,-0.628331,-0.219347,0
-0.844328,-0.630240,-0.214088,0
-0.840945,-0.632150,-0.208795,0
-0.837528,-0.634059,-0.203469,0
-0.834078,-0.635968,-0.198110,0
-0.830596,-0.637878,-0.192718,0
-0.827081,-0.639787,-0.187293,0
-0.823533,-0.641697,-0.181836,0
-0.819952,-0.643606,-0.176346,0
-0.816339,-0.645515,-0.170824,0
-0.812694,-0.647425,-0.165269,0
-0.809017,-0.649334,-0.159683,0
-0.805308,-0.651244,-0.154064,0
-0.801567,-0.653153,-0.148414,0
-0.797794,-0.655062,-0.142732,0
-0.793990,-0.656972,-0.137019,0
-0.790155,-0.658881,-0.131274,0
-0.786288,-0.660791,-0.125498,0
-0.782391,-0.662700,-0.119691,0
-0.778462,-0.664610,-0.113853,0
-0.774503,-0.666519,-0.107984,0
-0.770513,-0.668428,-0.102085,0
-0.766493,-0.670338,-0.096155,0
-0.762443,-0.672247,-0.090195,0
-0.758362,-0.674157,-0.084205,0
-0.754251,-0.676066,-0.078185,0
-0.750111,-0.677975,-0.072136,0
-0.745941,-0.679885,-0.066056,0
-0.741742,-0.681794,-0.059948,0
-0.737513,-0.683704,-0.053810,0
-0.733255,-0.685613,-0.047642,0
-0.728969,-0.687522,-0.041446,0
-0.724653,-0.689432,-0.035222,0
-0.720309,-0.691341,-0.028968,0
-0.715936,-0.693251,-0.022686,0
-0.711536,-0.695160,-0.016376,0
-0.707107,-0.697069,-0.010037,0
-0.702650,-0.698979,-0.003671,0
-0.698165,-0.700888,0.002723,0
-0.693653,-0.702798,0.009144,0
-0.689114,-0.704707,0.015593,0
-0.684547,-0.706616,0.022069,0
-0.679953,-0.708526,0.028572,0
-0.675333,-0.710435,0.035102,0
-0.670686,-0.712345,0.041659,0
-0.666012,-0.714254,0.048242,0
-0.661312,-0.716163,0.054851,0
-0.656586,-0.718073,0.061487,0
-0.651834,-0.719982,0.068149,0
-0.647056,-0.721892,0.074836,0
-0.642253,-0.723801,0.081548,0
-0.637424,-0.725710,0.088286,0
-0.632570,-0.727620,0.095050,0
-0.627691,-0.729529,0.101838,0
-0.622788,-0.731439,0.108651,0
-0.617860,-0.733348,0.115488,0
-0.612907,-0.735257,0.122350,0
-0.607930,-0.737167,0.129237,0
-0.602930,-0.739076,0.136147,0
-0.597905,-0.740986,0.143081,0
-0.592857,-0.742895,0.150038,0
-0.587785,-0.744804,0.157019,0
-0.582690,-0.746714,0.164023,0
-0.577573,-0.748623,0.171050,0
-0.572432,-0.750533,0.178101,0
-0.567269,-0.752442,0.185173,0
-0.562083,-0.754351,0.192268,0
-0.556876,-0.756261,0.199385,0
-0.551646,-0.758170,0.206524,0
-0.546394,-0.760080,0.213685,0
-0.541121,-0.761989,0.220868,0
-0.535827,-0.763898,0.228072,0
-0.530511,-0.765808,0.235297,0
-0.525175,-0.767717,0.242543,0
-0.519817,-0.769626,0.249809,0
-0.514440,-0.771536,0.257097,0
-0.509041,-0.773445,0.264404,0
-0.503623,-0.775355,0.271732,0
-0.498185,-0.777264,0.279079,0
-0.492727,-0.779174,0.286446,0
-0.487250,-0.781083,0.293833,0
-0.481754,-0.782993,0.301239,0
-0.476238,-0.784902,0.308664,0
-0.470704,-0.786811,0.316107,0
-0.465151,-0.788721,0.323570,0
-0.459580,-0.790630,0.331050,0
-0.453990,-0.792540,0.338549,0
-0.448383,-0.794449,0.346066,0
-0.442758,-0.796358,0.353600,0
-0.437116,-0.798268,0.361152,0
-0.431456,-0.800177,0.368721,0
-0.425779,-0.802087,0.376307,0
-0.420086,-0.803996,0.383910,0
-0.414376,-0.805905,0.391530,0
-0.408649,-0.807815,0.399166,0
-0.402906,-0.809724,0.406818,0
-0.397148,-0.811633,0.414485,0
-0.391374,-0.813543,0.422169,0
-0.385584,-0.815452,0.429868,0
-0.379779,-0.817362,0.437583,0
-0.373959,-0.819271,0.445312,0
-0.368125,-0.821180,0.453056,0
-0.362275,-0.823090,0.460815,0
-0.356412,-0.824999,0.468588,0
-0.350534,-0.826909,0.476374,0
-0.344643,-0.828818,0.484175,0
-0.338738,-0.830728,0.491990,0
-0.332820,-0.832637,0.499817,0
-0.326888,-0.834546,0.507658,0
-0.320944,-0.836456,0.515512,0
-0.314987,-0.838365,0.523379,0
-0.309017,-0.840274,0.531257,0
-0.303035,-0.842184,0.539149,0
-0.297042,-0.844093,0.547052,0
-0.291036,-0.846003,0.554966,0
-0.285019,-0.847912,0.562893,0
-0.278991,-0.849822,0.570830,0
-0.272952,-0.851731,0.578779,0
-0.266902,-0.853640,0.586738,0
-0.260842,-0.855550,0.594708,0
-0.254771,-0.857459,0.602688,0
-0.248690,-0.859369,0.610679,0
-0.242599,-0.861278,0.618679,0
-0.236499,-0.863187,0.626688,0
-0.230389,-0.865097,0.634707,0
-0.224271,-0.867006,0.642735,0
-0.218143,-0.868915,0.650772,0
-0.212007,-0.870825,0.658818,0
-0.205863,-0.872734,0.666872,0
-0.199710,-0.874644,0.674934,0
-0.193549,-0.876553,0.683004,0
-0.187381,-0.878463,0.691081,0
-0.181206,-0.880372,0.699166,0
-0.175023,-0.882281,0.707258,0
-0.168833,-0.884191,0.715357,0
-0.162637,-0.886100,0.723463,0
-0.156434,-0.888010,0.731575,0
-0.150226,-0.889919,0.739694,0
-0.144011,-0.891828,0.747818,0
-0.137790,-0.893738,0.755947,0
-0.131564,-0.895647,0.764083,0
-0.125333,-0.897557,0.772223,0
-0.119097,-0.899466,0.780369,0
-0.112856,-0.901375,0.788519,0
-0.106611,-0.903285,0.796674,0
-0.100362,-0.905194,0.804833,0
-0.094108,-0.907104,0.812995,0
-0.087851,-0.909013,0.821162,0
-0.081591,-0.910922,0.829332,0
-0.075327,-0.912832,0.837505,0
-0.069060,-0.914741,0.845681,0
-0.062791,-0.916651,0.853860,0
-0.056519,-0.918560,0.862041,0
-0.050244,-0.920469,0.870225,0
-0.043968,-0.922379,0.878411,0
-0.037690,-0.924288,0.886598,0
-0.031411,-0.926198,0.894787,0
-0.025130,-0.928107,0.902977,0
-0.018848,-0.930017,0.911168,0
-0.012566,-0.931926,0.919360,0
-0.006283,-0.933835,0.927552,0
